,SEQ,quantitative_function
0,MQYKLILNGKTLKGETTTEAVDAATAEKVFKQYANDNGVDGEWTYDDATKTFTVTELEVLFQGPLDPNSMATYEVLCEVARKLGTDDREVVLFLLNVFIPQPTLAQLIGALRALKEEGRLTFPLLAECLFRAGRRDLLRDLLHLDPRFLERHLAGTMSYFSPYQLTVLHVDGELCARDIRSLIFLSKDTIGSRSTPQTFLHWVYCMENLDLLGPTDVDALMSMLRSLSRVDLQRQVQTLMGLHLSGPSHSQHYRHTPLEHHHHHH,1.0
1,MQYKLILNGKTLKGETTTEAVDAATAEKVFKQYANDNGIDGEWTYDDATKTFTVTELEVLFQGPLDPNSMATYEVLCEVARKLGTDDREVVLFLLNVFIPQPTLAQLIGALRALKEEGRLTFPLLAECLFRAGRRDLLRDLLHLDPRFLERHLAGTMSYFSPYQLTVLHVDGELCARDIRSLIFLSKDTIGSRSTPQTFLHWVYCMENLDLLGPTDVDALMSMLRSLSRVDLQRQVQTLMGLHLSGPSHSQHYRHTPLEHHHHHH,1.4459050863
2,MQYKLILNGKTLKGETTTEAVDAATAEKVFKQYANDNGLDGEWTYDDATKTFTVTELEVLFQGPLDPNSMATYEVLCEVARKLGTDDREVVLFLLNVFIPQPTLAQLIGALRALKEEGRLTFPLLAECLFRAGRRDLLRDLLHLDPRFLERHLAGTMSYFSPYQLTVLHVDGELCARDIRSLIFLSKDTIGSRSTPQTFLHWVYCMENLDLLGPTDVDALMSMLRSLSRVDLQRQVQTLMGLHLSGPSHSQHYRHTPLEHHHHHH,1.69016355375
3,MQYKLILNGKTLKGETTTEAVDAATAEKVFKQYANDNGMDGEWTYDDATKTFTVTELEVLFQGPLDPNSMATYEVLCEVARKLGTDDREVVLFLLNVFIPQPTLAQLIGALRALKEEGRLTFPLLAECLFRAGRRDLLRDLLHLDPRFLERHLAGTMSYFSPYQLTVLHVDGELCARDIRSLIFLSKDTIGSRSTPQTFLHWVYCMENLDLLGPTDVDALMSMLRSLSRVDLQRQVQTLMGLHLSGPSHSQHYRHTPLEHHHHHH,1.17054988281
4,MQYKLILNGKTLKGETTTEAVDAATAEKVFKQYANDNGVAGEWTYDDATKTFTVTELEVLFQGPLDPNSMATYEVLCEVARKLGTDDREVVLFLLNVFIPQPTLAQLIGALRALKEEGRLTFPLLAECLFRAGRRDLLRDLLHLDPRFLERHLAGTMSYFSPYQLTVLHVDGELCARDIRSLIFLSKDTIGSRSTPQTFLHWVYCMENLDLLGPTDVDALMSMLRSLSRVDLQRQVQTLMGLHLSGPSHSQHYRHTPLEHHHHHH,2.40124349574
5,MQYKLILNGKTLKGETTTEAVDAATAEKVFKQYANDNGVCGEWTYDDATKTFTVTELEVLFQGPLDPNSMATYEVLCEVARKLGTDDREVVLFLLNVFIPQPTLAQLIGALRALKEEGRLTFPLLAECLFRAGRRDLLRDLLHLDPRFLERHLAGTMSYFSPYQLTVLHVDGELCARDIRSLIFLSKDTIGSRSTPQTFLHWVYCMENLDLLGPTDVDALMSMLRSLSRVDLQRQVQTLMGLHLSGPSHSQHYRHTPLEHHHHHH,1.83818718188
6,MQYKLILNGKTLKGETTTEAVDAATAEKVFKQYANDNGVDGEWTYDDATKTFTATELEVLFQGPLDPNSMATYEVLCEVARKLGTDDREVVLFLLNVFIPQPTLAQLIGALRALKEEGRLTFPLLAECLFRAGRRDLLRDLLHLDPRFLERHLAGTMSYFSPYQLTVLHVDGELCARDIRSLIFLSKDTIGSRSTPQTFLHWVYCMENLDLLGPTDVDALMSMLRSLSRVDLQRQVQTLMGLHLSGPSHSQHYRHTPLEHHHHHH,1.37294933339
7,MQYKLILNGKTLKGETTTEAVDAATAEKVFKQYANDNGVDGEWTYDDATKTFTCTELEVLFQGPLDPNSMATYEVLCEVARKLGTDDREVVLFLLNVFIPQPTLAQLIGALRALKEEGRLTFPLLAECLFRAGRRDLLRDLLHLDPRFLERHLAGTMSYFSPYQLTVLHVDGELCARDIRSLIFLSKDTIGSRSTPQTFLHWVYCMENLDLLGPTDVDALMSMLRSLSRVDLQRQVQTLMGLHLSGPSHSQHYRHTPLEHHHHHH,1.41393590647
8,MQYKLILNGKTLKGETTTEAVDAATAEKVFKQYANDNGVDGEWTYDDATKTFTFTELEVLFQGPLDPNSMATYEVLCEVARKLGTDDREVVLFLLNVFIPQPTLAQLIGALRALKEEGRLTFPLLAECLFRAGRRDLLRDLLHLDPRFLERHLAGTMSYFSPYQLTVLHVDGELCARDIRSLIFLSKDTIGSRSTPQTFLHWVYCMENLDLLGPTDVDALMSMLRSLSRVDLQRQVQTLMGLHLSGPSHSQHYRHTPLEHHHHHH,0.820788193905
9,MQYKLILNGKTLKGETTTEAVDAATAEKVFKQYANDNGVDGEWTYDDATKTFTMTELEVLFQGPLDPNSMATYEVLCEVARKLGTDDREVVLFLLNVFIPQPTLAQLIGALRALKEEGRLTFPLLAECLFRAGRRDLLRDLLHLDPRFLERHLAGTMSYFSPYQLTVLHVDGELCARDIRSLIFLSKDTIGSRSTPQTFLHWVYCMENLDLLGPTDVDALMSMLRSLSRVDLQRQVQTLMGLHLSGPSHSQHYRHTPLEHHHHHH,0.585648853727
10,MQYKLILNGKTLKGETTTEAVDAATAEKVFKQYANDNGVDGEWTYDDATKTFTTTELEVLFQGPLDPNSMATYEVLCEVARKLGTDDREVVLFLLNVFIPQPTLAQLIGALRALKEEGRLTFPLLAECLFRAGRRDLLRDLLHLDPRFLERHLAGTMSYFSPYQLTVLHVDGELCARDIRSLIFLSKDTIGSRSTPQTFLHWVYCMENLDLLGPTDVDALMSMLRSLSRVDLQRQVQTLMGLHLSGPSHSQHYRHTPLEHHHHHH,0.615188984875
11,MQYKLILNGKTLKGETTTEAVDAATAEKVFKQYANDNGVDGEWTYDDATKTFTWTELEVLFQGPLDPNSMATYEVLCEVARKLGTDDREVVLFLLNVFIPQPTLAQLIGALRALKEEGRLTFPLLAECLFRAGRRDLLRDLLHLDPRFLERHLAGTMSYFSPYQLTVLHVDGELCARDIRSLIFLSKDTIGSRSTPQTFLHWVYCMENLDLLGPTDVDALMSMLRSLSRVDLQRQVQTLMGLHLSGPSHSQHYRHTPLEHHHHHH,0.699995429038
12,MQYKLILNGKTLKGETTTEAVDAATAEKVFKQYANDNGVEGEWTYDDATKTFTVTELEVLFQGPLDPNSMATYEVLCEVARKLGTDDREVVLFLLNVFIPQPTLAQLIGALRALKEEGRLTFPLLAECLFRAGRRDLLRDLLHLDPRFLERHLAGTMSYFSPYQLTVLHVDGELCARDIRSLIFLSKDTIGSRSTPQTFLHWVYCMENLDLLGPTDVDALMSMLRSLSRVDLQRQVQTLMGLHLSGPSHSQHYRHTPLEHHHHHH,0.86093066353
13,MQYKLILNGKTLKGETTTEAVDAATAEKVFKQYANDNGVFGEWTYDDATKTFTVTELEVLFQGPLDPNSMATYEVLCEVARKLGTDDREVVLFLLNVFIPQPTLAQLIGALRALKEEGRLTFPLLAECLFRAGRRDLLRDLLHLDPRFLERHLAGTMSYFSPYQLTVLHVDGELCARDIRSLIFLSKDTIGSRSTPQTFLHWVYCMENLDLLGPTDVDALMSMLRSLSRVDLQRQVQTLMGLHLSGPSHSQHYRHTPLEHHHHHH,3.05454865106
14,MQYKLILNGKTLKGETTTEAVDAATAEKVFKQYANDNGVGGEWTYDDATKTFTVTELEVLFQGPLDPNSMATYEVLCEVARKLGTDDREVVLFLLNVFIPQPTLAQLIGALRALKEEGRLTFPLLAECLFRAGRRDLLRDLLHLDPRFLERHLAGTMSYFSPYQLTVLHVDGELCARDIRSLIFLSKDTIGSRSTPQTFLHWVYCMENLDLLGPTDVDALMSMLRSLSRVDLQRQVQTLMGLHLSGPSHSQHYRHTPLEHHHHHH,0.864025848061
15,MQYKLILNGKTLKGETTTEAVDAATAEKVFKQYANDNGVHGEWTYDDATKTFTVTELEVLFQGPLDPNSMATYEVLCEVARKLGTDDREVVLFLLNVFIPQPTLAQLIGALRALKEEGRLTFPLLAECLFRAGRRDLLRDLLHLDPRFLERHLAGTMSYFSPYQLTVLHVDGELCARDIRSLIFLSKDTIGSRSTPQTFLHWVYCMENLDLLGPTDVDALMSMLRSLSRVDLQRQVQTLMGLHLSGPSHSQHYRHTPLEHHHHHH,3.08116580765
16,MQYKLILNGKTLKGETTTEAVDAATAEKVFKQYANDNGVIGEWTYDDATKTFTVTELEVLFQGPLDPNSMATYEVLCEVARKLGTDDREVVLFLLNVFIPQPTLAQLIGALRALKEEGRLTFPLLAECLFRAGRRDLLRDLLHLDPRFLERHLAGTMSYFSPYQLTVLHVDGELCARDIRSLIFLSKDTIGSRSTPQTFLHWVYCMENLDLLGPTDVDALMSMLRSLSRVDLQRQVQTLMGLHLSGPSHSQHYRHTPLEHHHHHH,1.79171333093
17,MQYKLILNGKTLKGETTTEAVDAATAEKVFKQYANDNGVKGEWTYDDATKTFTVTELEVLFQGPLDPNSMATYEVLCEVARKLGTDDREVVLFLLNVFIPQPTLAQLIGALRALKEEGRLTFPLLAECLFRAGRRDLLRDLLHLDPRFLERHLAGTMSYFSPYQLTVLHVDGELCARDIRSLIFLSKDTIGSRSTPQTFLHWVYCMENLDLLGPTDVDALMSMLRSLSRVDLQRQVQTLMGLHLSGPSHSQHYRHTPLEHHHHHH,1.13788477532
18,MQYKLILNGKTLKGETTTEAVDAATAEKVFKQYANDNGVLGEWTYDDATKTFTVTELEVLFQGPLDPNSMATYEVLCEVARKLGTDDREVVLFLLNVFIPQPTLAQLIGALRALKEEGRLTFPLLAECLFRAGRRDLLRDLLHLDPRFLERHLAGTMSYFSPYQLTVLHVDGELCARDIRSLIFLSKDTIGSRSTPQTFLHWVYCMENLDLLGPTDVDALMSMLRSLSRVDLQRQVQTLMGLHLSGPSHSQHYRHTPLEHHHHHH,0.907305261163
19,MQYKLILNGKTLKGETTTEAVDAATAEKVFKQYANDNGVMGEWTYDDATKTFTVTELEVLFQGPLDPNSMATYEVLCEVARKLGTDDREVVLFLLNVFIPQPTLAQLIGALRALKEEGRLTFPLLAECLFRAGRRDLLRDLLHLDPRFLERHLAGTMSYFSPYQLTVLHVDGELCARDIRSLIFLSKDTIGSRSTPQTFLHWVYCMENLDLLGPTDVDALMSMLRSLSRVDLQRQVQTLMGLHLSGPSHSQHYRHTPLEHHHHHH,1.09352879961
20,MQYKLILNGKTLKGETTTEAVDAATAEKVFKQYANDNGVNGEWTYDDATKTFTVTELEVLFQGPLDPNSMATYEVLCEVARKLGTDDREVVLFLLNVFIPQPTLAQLIGALRALKEEGRLTFPLLAECLFRAGRRDLLRDLLHLDPRFLERHLAGTMSYFSPYQLTVLHVDGELCARDIRSLIFLSKDTIGSRSTPQTFLHWVYCMENLDLLGPTDVDALMSMLRSLSRVDLQRQVQTLMGLHLSGPSHSQHYRHTPLEHHHHHH,1.80292279874
21,MQYKLILNGKTLKGETTTEAVDAATAEKVFKQYANDNGVQGEWTYDDATKTFTVTELEVLFQGPLDPNSMATYEVLCEVARKLGTDDREVVLFLLNVFIPQPTLAQLIGALRALKEEGRLTFPLLAECLFRAGRRDLLRDLLHLDPRFLERHLAGTMSYFSPYQLTVLHVDGELCARDIRSLIFLSKDTIGSRSTPQTFLHWVYCMENLDLLGPTDVDALMSMLRSLSRVDLQRQVQTLMGLHLSGPSHSQHYRHTPLEHHHHHH,1.11389363844
22,MQYKLILNGKTLKGETTTEAVDAATAEKVFKQYANDNGVRGEWTYDDATKTFTVTELEVLFQGPLDPNSMATYEVLCEVARKLGTDDREVVLFLLNVFIPQPTLAQLIGALRALKEEGRLTFPLLAECLFRAGRRDLLRDLLHLDPRFLERHLAGTMSYFSPYQLTVLHVDGELCARDIRSLIFLSKDTIGSRSTPQTFLHWVYCMENLDLLGPTDVDALMSMLRSLSRVDLQRQVQTLMGLHLSGPSHSQHYRHTPLEHHHHHH,1.64547164894
23,MQYKLILNGKTLKGETTTEAVDAATAEKVFKQYANDNGVSGEWTYDDATKTFTVTELEVLFQGPLDPNSMATYEVLCEVARKLGTDDREVVLFLLNVFIPQPTLAQLIGALRALKEEGRLTFPLLAECLFRAGRRDLLRDLLHLDPRFLERHLAGTMSYFSPYQLTVLHVDGELCARDIRSLIFLSKDTIGSRSTPQTFLHWVYCMENLDLLGPTDVDALMSMLRSLSRVDLQRQVQTLMGLHLSGPSHSQHYRHTPLEHHHHHH,2.16359335977
24,MQYKLILNGKTLKGETTTEAVDAATAEKVFKQYANDNGVTGEWTYDDATKTFTVTELEVLFQGPLDPNSMATYEVLCEVARKLGTDDREVVLFLLNVFIPQPTLAQLIGALRALKEEGRLTFPLLAECLFRAGRRDLLRDLLHLDPRFLERHLAGTMSYFSPYQLTVLHVDGELCARDIRSLIFLSKDTIGSRSTPQTFLHWVYCMENLDLLGPTDVDALMSMLRSLSRVDLQRQVQTLMGLHLSGPSHSQHYRHTPLEHHHHHH,1.16546536279
25,MQYKLILNGKTLKGETTTEAVDAATAEKVFKQYANDNGVVGEWTYDDATKTFTVTELEVLFQGPLDPNSMATYEVLCEVARKLGTDDREVVLFLLNVFIPQPTLAQLIGALRALKEEGRLTFPLLAECLFRAGRRDLLRDLLHLDPRFLERHLAGTMSYFSPYQLTVLHVDGELCARDIRSLIFLSKDTIGSRSTPQTFLHWVYCMENLDLLGPTDVDALMSMLRSLSRVDLQRQVQTLMGLHLSGPSHSQHYRHTPLEHHHHHH,1.94766786803
26,MQYKLILNGKTLKGETTTEAVDAATAEKVFKQYANDNGVWGEWTYDDATKTFTVTELEVLFQGPLDPNSMATYEVLCEVARKLGTDDREVVLFLLNVFIPQPTLAQLIGALRALKEEGRLTFPLLAECLFRAGRRDLLRDLLHLDPRFLERHLAGTMSYFSPYQLTVLHVDGELCARDIRSLIFLSKDTIGSRSTPQTFLHWVYCMENLDLLGPTDVDALMSMLRSLSRVDLQRQVQTLMGLHLSGPSHSQHYRHTPLEHHHHHH,3.90146075608
27,MQYKLILNGKTLKGETTTEAVDAATAEKVFKQYANDNGVYGEWTYDDATKTFTVTELEVLFQGPLDPNSMATYEVLCEVARKLGTDDREVVLFLLNVFIPQPTLAQLIGALRALKEEGRLTFPLLAECLFRAGRRDLLRDLLHLDPRFLERHLAGTMSYFSPYQLTVLHVDGELCARDIRSLIFLSKDTIGSRSTPQTFLHWVYCMENLDLLGPTDVDALMSMLRSLSRVDLQRQVQTLMGLHLSGPSHSQHYRHTPLEHHHHHH,3.89146109067
